{
  "trace_mode": "ACTIVE_FLOW",
  "flow_direction": "BOTH",
  "lock_flow": false,
  "connection_color_type": "CUSTOM",
  "gradient_color_count": 5,
  "gradient_colors": [
    {
      "color": [
        0.0,
        0.0,
        0.0
      ],
      "alpha": 0.0
    },
    {
      "color": [
        0.0,
        0.0,
        0.0
      ],
      "alpha": 0.0
    },
    {
      "color": [
        0.6543672680854797,
        1.0,
        0.3907873332500458
      ],
      "alpha": 1.0
    },
    {
      "color": [
        0.0,
        0.0,
        0.0
      ],
      "alpha": 0.0
    },
    {
      "color": [
        0.0,
        0.0,
        0.0
      ],
      "alpha": 0.0
    }
  ],
  "field_gradient_color_count": 5,
  "field_gradient_colors": [
    {
      "color": [
        0.0,
        0.0,
        0.0
      ],
      "alpha": 0.0
    },
    {
      "color": [
        1.0,
        0.2512498199939728,
        0.1447182148694992
      ],
      "alpha": 1.0
    },
    {
      "color": [
        0.0,
        0.0,
        0.0
      ],
      "alpha": 0.0
    },
    {
      "color": [
        0.0,
        0.0,
        0.0
      ],
      "alpha": 0.0
    },
    {
      "color": [
        0.0,
        0.0,
        0.0
      ],
      "alpha": 0.0
    }
  ],
  "animation_speed": 2.0,
  "line_thickness": 5.8899993896484375,
  "node_border_thickness": 1.2999999523162842,
  "enable_colorful_connections": true,
  "overall_opacity": 1.0,
  "backing_color_rgb": [
    0.0,
    0.0,
    0.0
  ],
  "backing_color_alpha": 0.0,
  "active_preset_index": 0,
  "last_applied_preset_index": 0
}