[
  {
    "name": "新预设",
    "colors": [
      {
        "color": [
          0.0,
          0.0,
          0.0
        ],
        "alpha": 0.0
      },
      {
        "color": [
          0.0,
          0.0,
          0.0
        ],
        "alpha": 0.0
      },
      {
        "color": [
          0.22116641700267792,
          0.36632323265075684,
          1.0
        ],
        "alpha": 1.0
      },
      {
        "color": [
          0.0,
          0.0,
          0.0
        ],
        "alpha": 0.0
      },
      {
        "color": [
          0.0,
          0.0,
          0.0
        ],
        "alpha": 0.0
      }
    ]
  },
  {
    "name": "新预设1",
    "colors": [
      {
        "color": [
          0.0,
          0.0,
          0.0
        ],
        "alpha": 0.0
      },
      {
        "color": [
          0.0,
          0.0,
          0.0
        ],
        "alpha": 0.0
      },
      {
        "color": [
          1.0,
          0.15570476651191711,
          0.3532370328903198
        ],
        "alpha": 1.0
      },
      {
        "color": [
          0.0,
          0.0,
          0.0
        ],
        "alpha": 0.0
      },
      {
        "color": [
          0.0,
          0.0,
          0.0
        ],
        "alpha": 0.0
      }
    ]
  }
]